{
  "algorithm": "lstm_map",
  "best_params": {
    "hidden_size": 32,
    "num_layers": 1,
    "num_heads": 2,
    "dropout": 0.1,
    "learning_rate": 0.0001,
    "seq_len": 30
  },
  "best_fitness": 0.01310206949710846,
  "convergence_history": [
    0.28942645341157913,
    0.24538483936339617,
    0.03536269394680858,
    0.03188086207956076,
    0.03188086207956076,
    0.01310206949710846,
    0.01310206949710846,
    0.01310206949710846,
    0.01310206949710846,
    0.01310206949710846,
    0.01310206949710846,
    0.01310206949710846,
    0.01310206949710846,
    0.01310206949710846,
    0.01310206949710846
  ],
  "search_space": {
    "hidden_size": {
      "min": 32,
      "max": 128,
      "type": "int",
      "step": 4
    },
    "num_layers": {
      "min": 1,
      "max": 3,
      "type": "int"
    },
    "num_heads": {
      "min": 2,
      "max": 8,
      "type": "int"
    },
    "dropout": {
      "min": 0.1,
      "max": 0.5,
      "type": "float"
    },
    "learning_rate": {
      "min": 0.0001,
      "max": 0.01,
      "type": "float"
    },
    "seq_len": {
      "min": 30,
      "max": 90,
      "type": "int"
    }
  },
  "timestamp": "2025-12-04 00:05:03"
}